,Ingredients
0,butter
1,egg
2,milk
3,parmesan
4,cheddar
5,american cheese
6,sour cream
7,cream cheese
8,mozzarella
9,yogurt
10,cream
11,evaporated milk
12,whipped cream
13,half and half
14,feta
15,monterey jack cheese
16,condensed milk
17,cottage cheese
18,ice cream
19,swiss cheese
20,velveeta
21,frosting
22,buttermilk
23,ricotta
24,goat cheese
25,provolone
26,blue cheese
27,powdered milk
28,colby cheese
29,pepper jack
30,italian cheese
31,soft cheese
32,gouda
33,pepperjack cheese
34,romano
35,brie
36,pizza cheese
37,ghee
38,creme fraiche
39,cheese soup
40,gruyere
41,pecorino cheese
42,custard
43,muenster
44,queso fresco cheese
45,hard cheese
46,havarti cheese
47,asiago
48,mascarpone
49,neufchatel
50,halloumi
51,paneer
52,brick cheese
53,camembert cheese
54,goat milk
55,garlic herb cheese
56,edam cheese
57,manchego
58,fontina
59,stilton cheese
60,emmenthaler cheese
61,red leicester cheese
62,jarlsberg cheese
63,bocconcini cheese
64,farmer cheese
65,creme de cassis
66,wensleydale cheese
67,longhorn cheese
68,double gloucester cheese
69,raclette cheese
70,lancashire cheese
71,cheshire cheese
72,onion
73,garlic
74,tomato
75,potato
76,carrot
77,bell pepper
78,basil
79,parsley
80,broccoli
81,corn
82,spinach
83,mushroom
84,green beans
85,ginger
86,chili pepper
87,celery
88,rosemary
89,salad greens
90,red onion
91,cucumber
92,sweet potato
93,pickle
94,avocado
95,zucchini
96,cilantro
97,frozen vegetables
98,olive
99,asparagus
100,cabbage
101,cauliflower
102,dill
103,kale
104,mixed vegetable
105,pumpkin
106,squash
107,mint
108,scallion
109,sun dried tomato
110,shallot
111,eggplant
112,beet
113,butternut squash
114,horseradish
115,leek
116,caper
117,brussels sprout
118,artichoke heart
119,chia seeds
120,radish
121,sauerkraut
122,artichoke
123,portobello mushroom
124,sweet pepper
125,arugula
126,spaghetti squash
127,capsicum
128,bok choy
129,parsnip
130,okra
131,yam
132,fennel
133,turnip
134,snow peas
135,bean sprouts
136,seaweed
137,chard
138,collard
139,canned tomato
140,pimiento
141,watercress
142,tomatillo
143,rocket
144,mustard greens
145,bamboo shoot
146,rutabaga
147,endive
148,broccoli rabe
149,jicama
150,kohlrabi
151,hearts of palm
152,butternut
153,celery root
154,daikon
155,radicchio
156,porcini
157,chinese broccoli
158,jerusalem artichoke
159,cress
160,water chestnut
161,dulse
162,micro greens
163,burdock
164,chayote
165,lemon
166,apple
167,banana
168,lime
169,strawberry
170,orange
171,pineapple
172,blueberry
173,raisin
174,coconut
175,grape
176,peach
177,raspberry
178,cranberry
179,mango
180,pear
181,blackberry
182,cherry
183,date
184,watermelon
185,berries
186,kiwi
187,grapefruit
188,mandarin
189,craisins
190,cantaloupe
191,plum
192,apricot
193,clementine
194,prunes
195,apple butter
196,pomegranate
197,nectarine
198,fig
199,tangerine
200,papaya
201,rhubarb
202,sultanas
203,plantain
204,currant
205,passion fruit
206,guava
207,persimmons
208,lychee
209,lingonberry
210,tangelos
211,kumquat
212,boysenberry
213,star fruit
214,quince
215,honeydew
216,crabapples
217,rice
218,pasta
219,flour
220,bread
221,baking powder
222,baking soda
223,bread crumbs
224,cornstarch
225,rolled oats
226,noodle
227,flour tortillas
228,pancake mix
229,yeast
230,cracker
231,quinoa
232,brown rice
233,cornmeal
234,self rising flour
235,cake mix
236,saltines
237,popcorn
238,macaroni cheese mix
239,corn tortillas
240,ramen
241,cereal
242,biscuits
243,stuffing mix
244,couscous
245,pie crust
246,bisquick
247,chips
248,angel hair
249,coconut flake
250,bread flour
251,croutons
252,lasagne
253,pizza dough
254,bagel
255,puff pastry
256,hot dog bun
257,barley
258,multigrain bread
259,potato flakes
260,pretzel
261,cornbread
262,english muffin
263,cornflour
264,crescent roll dough
265,cream of wheat
266,coconut flour
267,pita
268,risotto
269,muffin mix
270,bicarbonate of soda
271,ravioli
272,wheat
273,rice flour
274,polenta
275,baguette
276,gnocchi
277,vermicelli
278,semolina
279,wheat germ
280,buckwheat
281,croissants
282,bread dough
283,filo dough
284,yeast flake
285,pierogi
286,matzo meal
287,rye
288,tapioca flour
289,shortcrust pastry
290,potato starch
291,breadsticks
292,ciabatta
293,spelt
294,angel food
295,tapioca starch
296,starch
297,whole wheat flour
298,gram flour
299,sourdough starter
300,wafer
301,bran
302,challah
303,sponge cake
304,malt extract
305,sorghum flour
306,sugar
307,brown sugar
308,honey
309,confectioners sugar
310,maple syrup
311,corn syrup
312,molasses
313,artificial sweetener
314,agave nectar
315,cinnamon
316,vanilla
317,garlic powder
318,paprika
319,oregano
320,chili powder
321,red pepper flake
322,cumin
323,cayenne
324,italian seasoning
325,thyme
326,onion powder
327,nutmeg
328,ground nutmeg
329,curry powder
330,bay leaf
331,taco seasoning
332,sage
333,clove
334,allspice
335,turmeric
336,chive
337,peppercorn
338,ground coriander
339,cajun seasoning
340,coriander
341,celery salt
342,vanilla essence
343,herbs
344,steak seasoning
345,poultry seasoning
346,chile powder
347,cardamom
348,italian herbs
349,tarragon
350,garam masala
351,marjoram
352,mustard seed
353,celery seed
354,chinese five spice
355,italian spice
356,saffron
357,onion flake
358,herbes de provence
359,chipotle
360,dill seed
361,fennel seed
362,caraway
363,cacao
364,star anise
365,savory
366,chili paste
367,tamarind
368,aniseed
369,fenugreek
370,lavender
371,old bay seasoning
372,lemon balm
373,chicken breast
374,ground beef
375,bacon
376,sausage
377,beef steak
378,ham
379,hot dog
380,pork chops
381,chicken thighs
382,ground turkey
383,cooked chicken
384,turkey
385,pork
386,pepperoni
387,whole chicken
388,chicken leg
389,ground pork
390,chorizo
391,chicken wings
392,beef roast
393,polish sausage
394,salami
395,pork roast
396,ground chicken
397,pork ribs
398,spam
399,venison
400,pork shoulder
401,bologna
402,bratwurst
403,prosciutto
404,lamb
405,corned beef
406,chicken roast
407,lamb chops
408,pancetta
409,ground lamb
410,beef ribs
411,duck
412,pork belly
413,beef liver
414,leg of lamb
415,canadian bacon
416,beef shank
417,veal
418,chicken giblets
419,cornish hen
420,lamb shoulder
421,lamb shank
422,deer
423,ground veal
424,pastrami
425,rabbit
426,sliced turkey
427,pork loin
428,elk
429,beef suet
430,veal cutlet
431,lamb loin
432,marrow bones
433,goose
434,chicken tenders
435,veal chops
436,quail
437,oxtail
438,pheasant
439,lamb liver
440,moose
441,turkey liver
442,pork liver
443,veal shank
444,foie gras
445,beef sirloin
446,liver sausage
447,sweetbread
448,wild boar
449,snail
450,pigeon
451,duck liver
452,goose liver
453,grouse
454,ostrich
455,soppressata
456,alligator
457,canned tuna
458,salmon
459,tilapia
460,fish fillets
461,cod
462,canned salmon
463,anchovy
464,smoked salmon
465,sardines
466,tuna steak
467,whitefish
468,halibut
469,trout
470,haddock
471,flounder
472,catfish
473,mahi mahi
474,mackerel
475,sole
476,sea bass
477,red snapper
478,swordfish
479,pollock
480,herring
481,perch
482,grouper
483,caviar
484,monkfish
485,rockfish
486,lemon sole
487,pike
488,barramundi
489,eel
490,bluefish
491,carp
492,cuttlefish
493,pompano
494,arctic char
495,john dory
496,marlin
497,amberjack
498,sturgeon
499,shrimp
500,crab
501,prawns
502,scallop
503,clam
504,lobster
505,mussel
506,oyster
507,squid
508,calamari
509,crawfish
510,octopus
511,cockle
512,conch
513,sea urchin
514,mayonnaise
515,ketchup
516,mustard
517,vinegar
518,soy sauce
519,balsamic vinegar
520,worcestershire
521,hot sauce
522,barbecue sauce
523,ranch dressing
524,wine vinegar
525,apple cider vinegar
526,cider vinegar
527,italian dressing
528,rice vinegar
529,salad dressing
530,tabasco
531,fish sauce
532,teriyaki
533,steak sauce
534,tahini
535,enchilada sauce
536,vinaigrette dressing
537,oyster sauce
538,honey mustard
539,sriracha
540,caesar dressing
541,taco sauce
542,mirin
543,blue cheese dressing
544,sweet and sour sauce
545,thousand island
546,picante sauce
547,buffalo sauce
548,french dressing
549,tartar sauce
550,cocktail sauce
551,marsala
552,adobo sauce
553,tzatziki sauce
554,sesame dressing
555,ponzu
556,duck sauce
557,pickapeppa sauce
558,yuzu juice
559,cream sauce
560,olive oil
561,vegetable oil
562,cooking spray
563,canola oil
564,shortening
565,sesame oil
566,coconut oil
567,peanut oil
568,sunflower oil
569,lard
570,grape seed oil
571,corn oil
572,almond oil
573,avocado oil
574,safflower oil
575,walnut oil
576,hazelnut oil
577,palm oil
578,soybean oil
579,mustard oil
580,pistachio oil
581,soya oil
582,bouillon
583,ground ginger
584,sesame seed
585,cream of tartar
586,chili sauce
587,soya sauce
588,apple cider
589,hoisin sauce
590,liquid smoke
591,rice wine
592,vegetable bouillon
593,poppy seed
594,balsamic glaze
595,miso
596,wasabi
597,fish stock
598,rose water
599,pickling salt
600,champagne vinegar
601,bbq rub
602,jamaican jerk spice
603,accent seasoning
604,pickling spice
605,mustard powder
606,mango powder
607,adobo seasoning
608,kasuri methi
609,caribbean jerk seasoning
610,brine
611,matcha powder
612,cassia
613,tomato sauce
614,tomato paste
615,salsa
616,pesto
617,alfredo sauce
618,beef gravy
619,curry paste
620,chicken gravy
621,cranberry sauce
622,turkey gravy
623,mushroom gravy
624,sausage gravy
625,onion gravy
626,cream gravy
627,pork gravy
628,tomato gravy
629,giblet gravy
630,green beans
631,peas
632,black beans
633,chickpea
634,lentil
635,refried beans
636,hummus
637,chili beans
638,lima beans
639,kidney beans
640,pinto beans
641,edamame
642,split peas
643,snap peas
644,soybeans
645,cannellini beans
646,navy beans
647,french beans
648,red beans
649,great northern beans
650,fava beans
651,white wine
652,beer
653,red wine
654,vodka
655,rum
656,whiskey
657,tequila
658,sherry
659,bourbon
660,cooking wine
661,whisky
662,liqueur
663,brandy
664,gin
665,kahlua
666,irish cream
667,triple sec
668,champagne
669,amaretto
670,cabernet sauvignon
671,vermouth
672,bitters
673,maraschino
674,sake
675,grand marnier
676,masala
677,dessert wine
678,schnapps
679,port wine
680,sparkling wine
681,cognac
682,chocolate liqueur
683,burgundy wine
684,limoncello
685,creme de menthe
686,bloody mary
687,raspberry liquor
688,curacao
689,frangelico
690,shaoxing wine
691,absinthe
692,madeira wine
693,ouzo
694,anisette
695,grappa
696,ciclon
697,drambuie
698,chicken broth
699,mushroom soup
700,beef broth
701,tomato soup
702,vegetable stock
703,chicken soup
704,onion soup
705,vegetable soup
706,celery soup
707,dashi
708,lamb stock
709,pork stock
710,veal stock
711,peanut butter
712,almond
713,walnut
714,pecan
715,peanut
716,cashew
717,flax
718,pine nut
719,pistachio
720,almond meal
721,hazelnut
722,macadamia
723,almond paste
724,chestnut
725,praline
726,macaroon
727,margarine
728,coconut milk
729,almond milk
730,soy milk
731,rice milk
732,hemp milk
733,non dairy creamer
734,chocolate
735,apple sauce
736,strawberry jam
737,graham cracker
738,marshmallow
739,chocolate syrup
740,potato chips
741,nutella
742,chocolate morsels
743,bittersweet chocolate
744,pudding mix
745,raspberry jam
746,dark chocolate
747,chocolate chips
748,jam
749,white chocolate
750,brownie mix
751,chocolate pudding
752,jello
753,caramel
754,chocolate powder
755,candy
756,corn chips
757,cookies
758,apricot jam
759,chocolate bar
760,cookie dough
761,oreo
762,doritos
763,chocolate cookies
764,butterscotch
765,blackberry preserves
766,blueberry jam
767,peach preserves
768,cherry jam
769,fig jam
770,plum jam
771,cinnamon roll
772,fudge
773,cookie crumb
774,grape jelly
775,chilli jam
776,lady fingers
777,black pudding
778,chocolate wafer
779,gummy worms
780,biscotti biscuit
781,doughnut
782,amaretti cookies
783,apple jelly
784,red pepper jelly
785,orange jelly
786,jalapeno jelly
787,mint jelly
788,currant jelly
789,lemon jelly
790,quince jelly
791,coffee
792,orange juice
793,tea
794,green tea
795,apple juice
796,tomato juice
797,coke
798,chocolate milk
799,pineapple juice
800,lemonade
801,cranberry juice
802,espresso
803,fruit juice
804,ginger ale
805,club soda
806,sprite
807,kool aid
808,grenadine
809,margarita mix
810,cherry juice
811,pepsi
812,mountain dew
813,I'm vegan
814,I'm vegetarian
815,I'm pescatarian
816,poultry
817,Nuts
818,meat
819,gluten
820,Dairy
821,shellfish
822,Fish
823,butter
824,egg
825,milk
826,parmesan
827,cheddar
828,american cheese
829,sour cream
830,cream cheese
831,mozzarella
832,yogurt
833,cream
834,evaporated milk
835,whipped cream
836,half and half
837,feta
838,monterey jack cheese
839,condensed milk
840,cottage cheese
841,ice cream
842,swiss cheese
843,velveeta
844,frosting
845,buttermilk
846,ricotta
847,goat cheese
848,provolone
849,blue cheese
850,powdered milk
851,colby cheese
852,pepper jack
853,italian cheese
854,soft cheese
855,gouda
856,pepperjack cheese
857,romano
858,brie
859,pizza cheese
860,ghee
861,creme fraiche
862,cheese soup
863,gruyere
864,pecorino cheese
865,custard
866,muenster
867,queso fresco cheese
868,hard cheese
869,havarti cheese
870,asiago
871,mascarpone
872,neufchatel
873,halloumi
874,paneer
875,brick cheese
876,camembert cheese
877,goat milk
878,garlic herb cheese
879,edam cheese
880,manchego
881,fontina
882,stilton cheese
883,emmenthaler cheese
884,red leicester cheese
885,jarlsberg cheese
886,bocconcini cheese
887,farmer cheese
888,creme de cassis
889,wensleydale cheese
890,longhorn cheese
891,double gloucester cheese
892,raclette cheese
893,lancashire cheese
894,cheshire cheese
895,onion
896,garlic
897,tomato
898,potato
899,carrot
900,bell pepper
901,basil
902,parsley
903,broccoli
904,corn
905,spinach
906,mushroom
907,green beans
908,ginger
909,chili pepper
910,celery
911,rosemary
912,salad greens
913,red onion
914,cucumber
915,sweet potato
916,pickle
917,avocado
918,zucchini
919,cilantro
920,frozen vegetables
921,olive
922,asparagus
923,cabbage
924,cauliflower
925,dill
926,kale
927,mixed vegetable
928,pumpkin
929,squash
930,mint
931,scallion
932,sun dried tomato
933,shallot
934,eggplant
935,beet
936,butternut squash
937,horseradish
938,leek
939,caper
940,brussels sprout
941,artichoke heart
942,chia seeds
943,radish
944,sauerkraut
945,artichoke
946,portobello mushroom
947,sweet pepper
948,arugula
949,spaghetti squash
950,capsicum
951,bok choy
952,parsnip
953,okra
954,yam
955,fennel
956,turnip
957,snow peas
958,bean sprouts
959,seaweed
960,chard
961,collard
962,canned tomato
963,pimiento
964,watercress
965,tomatillo
966,rocket
967,mustard greens
968,bamboo shoot
969,rutabaga
970,endive
971,broccoli rabe
972,jicama
973,kohlrabi
974,hearts of palm
975,butternut
976,celery root
977,daikon
978,radicchio
979,porcini
980,chinese broccoli
981,jerusalem artichoke
982,cress
983,water chestnut
984,dulse
985,micro greens
986,burdock
987,chayote
988,lemon
989,apple
990,banana
991,lime
992,strawberry
993,orange
994,pineapple
995,blueberry
996,raisin
997,coconut
998,grape
999,peach
1000,raspberry
1001,cranberry
1002,mango
1003,pear
1004,blackberry
1005,cherry
1006,date
1007,watermelon
1008,berries
1009,kiwi
1010,grapefruit
1011,mandarin
1012,craisins
1013,cantaloupe
1014,plum
1015,apricot
1016,clementine
1017,prunes
1018,apple butter
1019,pomegranate
1020,nectarine
1021,fig
1022,tangerine
1023,papaya
1024,rhubarb
1025,sultanas
1026,plantain
1027,currant
1028,passion fruit
1029,guava
1030,persimmons
1031,lychee
1032,lingonberry
1033,tangelos
1034,kumquat
1035,boysenberry
1036,star fruit
1037,quince
1038,honeydew
1039,crabapples
1040,rice
1041,pasta
1042,flour
1043,bread
1044,baking powder
1045,baking soda
1046,bread crumbs
1047,cornstarch
1048,rolled oats
1049,noodle
1050,flour tortillas
1051,pancake mix
1052,yeast
1053,cracker
1054,quinoa
1055,brown rice
1056,cornmeal
1057,self rising flour
1058,cake mix
1059,saltines
1060,popcorn
1061,macaroni cheese mix
1062,corn tortillas
1063,ramen
1064,cereal
1065,biscuits
1066,stuffing mix
1067,couscous
1068,pie crust
1069,bisquick
1070,chips
1071,angel hair
1072,coconut flake
1073,bread flour
1074,croutons
1075,lasagne
1076,pizza dough
1077,bagel
1078,puff pastry
1079,hot dog bun
1080,barley
1081,multigrain bread
1082,potato flakes
1083,pretzel
1084,cornbread
1085,english muffin
1086,cornflour
1087,crescent roll dough
1088,cream of wheat
1089,coconut flour
1090,pita
1091,risotto
1092,muffin mix
1093,bicarbonate of soda
1094,ravioli
1095,wheat
1096,rice flour
1097,polenta
1098,baguette
1099,gnocchi
1100,vermicelli
1101,semolina
1102,wheat germ
1103,buckwheat
1104,croissants
1105,bread dough
1106,filo dough
1107,yeast flake
1108,pierogi
1109,matzo meal
1110,rye
1111,tapioca flour
1112,shortcrust pastry
1113,potato starch
1114,breadsticks
1115,ciabatta
1116,spelt
1117,angel food
1118,tapioca starch
1119,starch
1120,whole wheat flour
1121,gram flour
1122,sourdough starter
1123,wafer
1124,bran
1125,challah
1126,sponge cake
1127,malt extract
1128,sorghum flour
1129,sugar
1130,brown sugar
1131,honey
1132,confectioners sugar
1133,maple syrup
1134,corn syrup
1135,molasses
1136,artificial sweetener
1137,agave nectar
1138,cinnamon
1139,vanilla
1140,garlic powder
1141,paprika
1142,oregano
1143,chili powder
1144,red pepper flake
1145,cumin
1146,cayenne
1147,italian seasoning
1148,thyme
1149,onion powder
1150,nutmeg
1151,ground nutmeg
1152,curry powder
1153,bay leaf
1154,taco seasoning
1155,sage
1156,clove
1157,allspice
1158,turmeric
1159,chive
1160,peppercorn
1161,ground coriander
1162,cajun seasoning
1163,coriander
1164,celery salt
1165,vanilla essence
1166,herbs
1167,steak seasoning
1168,poultry seasoning
1169,chile powder
1170,cardamom
1171,italian herbs
1172,tarragon
1173,garam masala
1174,marjoram
1175,mustard seed
1176,celery seed
1177,chinese five spice
1178,italian spice
1179,saffron
1180,onion flake
1181,herbes de provence
1182,chipotle
1183,dill seed
1184,fennel seed
1185,caraway
1186,cacao
1187,star anise
1188,savory
1189,chili paste
1190,tamarind
1191,aniseed
1192,fenugreek
1193,lavender
1194,old bay seasoning
1195,lemon balm
1196,chicken breast
1197,ground beef
1198,bacon
1199,sausage
1200,beef steak
1201,ham
1202,hot dog
1203,pork chops
1204,chicken thighs
1205,ground turkey
1206,cooked chicken
1207,turkey
1208,pork
1209,pepperoni
1210,whole chicken
1211,chicken leg
1212,ground pork
1213,chorizo
1214,chicken wings
1215,beef roast
1216,polish sausage
1217,salami
1218,pork roast
1219,ground chicken
1220,pork ribs
1221,spam
1222,venison
1223,pork shoulder
1224,bologna
1225,bratwurst
1226,prosciutto
1227,lamb
1228,corned beef
1229,chicken roast
1230,lamb chops
1231,pancetta
1232,ground lamb
1233,beef ribs
1234,duck
1235,pork belly
1236,beef liver
1237,leg of lamb
1238,canadian bacon
1239,beef shank
1240,veal
1241,chicken giblets
1242,cornish hen
1243,lamb shoulder
1244,lamb shank
1245,deer
1246,ground veal
1247,pastrami
1248,rabbit
1249,sliced turkey
1250,pork loin
1251,elk
1252,beef suet
1253,veal cutlet
1254,lamb loin
1255,marrow bones
1256,goose
1257,chicken tenders
1258,veal chops
1259,quail
1260,oxtail
1261,pheasant
1262,lamb liver
1263,moose
1264,turkey liver
1265,pork liver
1266,veal shank
1267,foie gras
1268,beef sirloin
1269,liver sausage
1270,sweetbread
1271,wild boar
1272,snail
1273,pigeon
1274,duck liver
1275,goose liver
1276,grouse
1277,ostrich
1278,soppressata
1279,alligator
1280,canned tuna
1281,salmon
1282,tilapia
1283,fish fillets
1284,cod
1285,canned salmon
1286,anchovy
1287,smoked salmon
1288,sardines
1289,tuna steak
1290,whitefish
1291,halibut
1292,trout
1293,haddock
1294,flounder
1295,catfish
1296,mahi mahi
1297,mackerel
1298,sole
1299,sea bass
1300,red snapper
1301,swordfish
1302,pollock
1303,herring
1304,perch
1305,grouper
1306,caviar
1307,monkfish
1308,rockfish
1309,lemon sole
1310,pike
1311,barramundi
1312,eel
1313,bluefish
1314,carp
1315,cuttlefish
1316,pompano
1317,arctic char
1318,john dory
1319,marlin
1320,amberjack
1321,sturgeon
1322,shrimp
1323,crab
1324,prawns
1325,scallop
1326,clam
1327,lobster
1328,mussel
1329,oyster
1330,squid
1331,calamari
1332,crawfish
1333,octopus
1334,cockle
1335,conch
1336,sea urchin
1337,mayonnaise
1338,ketchup
1339,mustard
1340,vinegar
1341,soy sauce
1342,balsamic vinegar
1343,worcestershire
1344,hot sauce
1345,barbecue sauce
1346,ranch dressing
1347,wine vinegar
1348,apple cider vinegar
1349,cider vinegar
1350,italian dressing
1351,rice vinegar
1352,salad dressing
1353,tabasco
1354,fish sauce
1355,teriyaki
1356,steak sauce
1357,tahini
1358,enchilada sauce
1359,vinaigrette dressing
1360,oyster sauce
1361,honey mustard
1362,sriracha
1363,caesar dressing
1364,taco sauce
1365,mirin
1366,blue cheese dressing
1367,sweet and sour sauce
1368,thousand island
1369,picante sauce
1370,buffalo sauce
1371,french dressing
1372,tartar sauce
1373,cocktail sauce
1374,marsala
1375,adobo sauce
1376,tzatziki sauce
1377,sesame dressing
1378,ponzu
1379,duck sauce
1380,pickapeppa sauce
1381,yuzu juice
1382,cream sauce
1383,olive oil
1384,vegetable oil
1385,cooking spray
1386,canola oil
1387,shortening
1388,sesame oil
1389,coconut oil
1390,peanut oil
1391,sunflower oil
1392,lard
1393,grape seed oil
1394,corn oil
1395,almond oil
1396,avocado oil
1397,safflower oil
1398,walnut oil
1399,hazelnut oil
1400,palm oil
1401,soybean oil
1402,mustard oil
1403,pistachio oil
1404,soya oil
1405,bouillon
1406,ground ginger
1407,sesame seed
1408,cream of tartar
1409,chili sauce
1410,soya sauce
1411,apple cider
1412,hoisin sauce
1413,liquid smoke
1414,rice wine
1415,vegetable bouillon
1416,poppy seed
1417,balsamic glaze
1418,miso
1419,wasabi
1420,fish stock
1421,rose water
1422,pickling salt
1423,champagne vinegar
1424,bbq rub
1425,jamaican jerk spice
1426,accent seasoning
1427,pickling spice
1428,mustard powder
1429,mango powder
1430,adobo seasoning
1431,kasuri methi
1432,caribbean jerk seasoning
1433,brine
1434,matcha powder
1435,cassia
1436,tomato sauce
1437,tomato paste
1438,salsa
1439,pesto
1440,alfredo sauce
1441,beef gravy
1442,curry paste
1443,chicken gravy
1444,cranberry sauce
1445,turkey gravy
1446,mushroom gravy
1447,sausage gravy
1448,onion gravy
1449,cream gravy
1450,pork gravy
1451,tomato gravy
1452,giblet gravy
1453,green beans
1454,peas
1455,black beans
1456,chickpea
1457,lentil
1458,refried beans
1459,hummus
1460,chili beans
1461,lima beans
1462,kidney beans
1463,pinto beans
1464,edamame
1465,split peas
1466,snap peas
1467,soybeans
1468,cannellini beans
1469,navy beans
1470,french beans
1471,red beans
1472,great northern beans
1473,fava beans
1474,white wine
1475,beer
1476,red wine
1477,vodka
1478,rum
1479,whiskey
1480,tequila
1481,sherry
1482,bourbon
1483,cooking wine
1484,whisky
1485,liqueur
1486,brandy
1487,gin
1488,kahlua
1489,irish cream
1490,triple sec
1491,champagne
1492,amaretto
1493,cabernet sauvignon
1494,vermouth
1495,bitters
1496,maraschino
1497,sake
1498,grand marnier
1499,masala
1500,dessert wine
1501,schnapps
1502,port wine
1503,sparkling wine
1504,cognac
1505,chocolate liqueur
1506,burgundy wine
1507,limoncello
1508,creme de menthe
1509,bloody mary
1510,raspberry liquor
1511,curacao
1512,frangelico
1513,shaoxing wine
1514,absinthe
1515,madeira wine
1516,ouzo
1517,anisette
1518,grappa
1519,ciclon
1520,drambuie
1521,chicken broth
1522,mushroom soup
1523,beef broth
1524,tomato soup
1525,vegetable stock
1526,chicken soup
1527,onion soup
1528,vegetable soup
1529,celery soup
1530,dashi
1531,lamb stock
1532,pork stock
1533,veal stock
1534,peanut butter
1535,almond
1536,walnut
1537,pecan
1538,peanut
1539,cashew
1540,flax
1541,pine nut
1542,pistachio
1543,almond meal
1544,hazelnut
1545,macadamia
1546,almond paste
1547,chestnut
1548,praline
1549,macaroon
1550,margarine
1551,coconut milk
1552,almond milk
1553,soy milk
1554,rice milk
1555,hemp milk
1556,non dairy creamer
1557,chocolate
1558,apple sauce
1559,strawberry jam
1560,graham cracker
1561,marshmallow
1562,chocolate syrup
1563,potato chips
1564,nutella
1565,chocolate morsels
1566,bittersweet chocolate
1567,pudding mix
1568,raspberry jam
1569,dark chocolate
1570,chocolate chips
1571,jam
1572,white chocolate
1573,brownie mix
1574,chocolate pudding
1575,jello
1576,caramel
1577,chocolate powder
1578,candy
1579,corn chips
1580,cookies
1581,apricot jam
1582,chocolate bar
1583,cookie dough
1584,oreo
1585,doritos
1586,chocolate cookies
1587,butterscotch
1588,blackberry preserves
1589,blueberry jam
1590,peach preserves
1591,cherry jam
1592,fig jam
1593,plum jam
1594,cinnamon roll
1595,fudge
1596,cookie crumb
1597,grape jelly
1598,chilli jam
1599,lady fingers
1600,black pudding
1601,chocolate wafer
1602,gummy worms
1603,biscotti biscuit
1604,doughnut
1605,amaretti cookies
1606,apple jelly
1607,red pepper jelly
1608,orange jelly
1609,jalapeno jelly
1610,mint jelly
1611,currant jelly
1612,lemon jelly
1613,quince jelly
1614,coffee
1615,orange juice
1616,tea
1617,green tea
1618,apple juice
1619,tomato juice
1620,coke
1621,chocolate milk
1622,pineapple juice
1623,lemonade
1624,cranberry juice
1625,espresso
1626,fruit juice
1627,ginger ale
1628,club soda
1629,sprite
1630,kool aid
1631,grenadine
1632,margarita mix
1633,cherry juice
1634,pepsi
1635,mountain dew
1636,jeera
1637,mirchi
1638,puri
1639,salt
1640,lemon
